﻿<?xml version="1.0" encoding="utf-8"?>
<config xmlns="urn:tritone-schema">
  <base server="localhost" uid="root" pwd="3212093f" database="neptune">
    <bdcheckinterval>1</bdcheckinterval>
    <archivesaveinterval>300</archivesaveinterval>
  </base>
  <lines>
    <line id="0" serial="COM18" speed="19200" connection-type="line" wait-interval="300" command-interval="300" enabled="1" />
  </lines>
  <devices>
     <dev adress="1" devtype="0" name="КСД 10 - Контроллер второго подъема" conint="10" line="0" enabled="1">
      <sing sensor="01" id="is01" name="Просто датчик" />
    </dev>
  </devices>
</config>